ticker,title,summary,link,published
DIS,The Walt Disney Company (DIS) Sees Strong U.S. Debut from New Pixar Film,,https://finance.yahoo.com/news/walt-disney-company-dis-sees-203045807.html,1773347445
DIS,Walt Disney (DIS) Stock Moves -1.45%: What You Should Know,,https://finance.yahoo.com/news/walt-disney-dis-stock-moves-214504186.html,1773351904
DIS,Why Angel Studios Stock Dropped Today,,https://finance.yahoo.com/m/09a69019-1960-3ae6-b5b6-79551a11427f/why-angel-studios-stock.html,1773412528
DIS,"Wells Fargo Resumes Coverage on Netflix, Paramount After WBD Deal",,https://finance.yahoo.com/news/wells-fargo-resumes-coverage-netflix-145600231.html,1773413760
DIS,The challenges Disney's incoming CEO may face,,https://finance.yahoo.com/video/challenges-disneys-incoming-ceo-may-212426463.html,1773437066
DIS,Disney Investor Focus As Roeder Takes Helm And Hoppers Hits Big,,https://finance.yahoo.com/news/disney-investor-focus-roeder-takes-011239293.html,1773450759
DIS,YouTube’s New Lead Over Disney Recasts Alphabet As Global Media Power,,https://finance.yahoo.com/news/youtube-lead-over-disney-recasts-042229512.html,1773462149
DIS,Disney’s new CEO has overseen a huge transformation of the Disney parks. Take a tour,,https://finance.yahoo.com/m/4a802e50-4dbc-3180-b97d-d15d611d4dea/disney%E2%80%99s-new-ceo-has-overseen.html,1773471634
DIS,"YouTube overtakes Hollywood studios, but it will show you 30-second unskippable TV ads",,https://finance.yahoo.com/m/2ada581f-7b33-30d6-8fbe-014910c7fda7/youtube-overtakes-hollywood.html,1773479787
DIS,Disney embraces TV's TikTok-ification,,https://finance.yahoo.com/news/disney-embraces-tvs-tiktok-ification-095425522.html,1773482065
DIS,Prediction: The Metals Company Stock Is a Buy Before March 26,,https://finance.yahoo.com/m/6abe4f42-cf80-3a27-8bb9-0810c6bed502/prediction%3A-the-metals.html,1773489000
DIS,"Dow Jones Futures: Oil Prices, Iran War Drive Stocks Lower; Nvidia GTC, Micron Earnings Due",,https://finance.yahoo.com/m/cb03c9e2-36cb-3935-874a-11f3d5b70bb4/dow-jones-futures%3A-oil.html,1773489172
DIS,How Much Is Mark Cuban’s Social Security Check?,,https://finance.yahoo.com/news/much-mark-cuban-social-security-115505934.html,1773489305
DIS,The Canadian Queer Chamber of Commerce celebrates achievements of the Rainbow Entrepreneurship Knowledge Hub (REKH),,https://finance.yahoo.com/news/canadian-queer-chamber-commerce-celebrates-120000449.html,1773489600
DIS,5 New Luxury Cars To Stay Away From Buying,,https://finance.yahoo.com/m/baae74b6-0bf5-396b-8782-23510912cd34/5-new-luxury-cars-to-stay.html,1773489617
DIS,SiriusXM do-not-call settlement: One week left to file a claim,,https://finance.yahoo.com/m/7fe42b0c-20a8-3400-9971-4a4f6c6b5150/siriusxm-do-not-call.html,1773489635
DIS,How the 24 Hour Fitness Founder built a gym empire,,https://finance.yahoo.com/video/24-hour-fitness-founder-built-120038221.html,1773489638
DIS,24 Hour Fitness Founder on the $15K bet that created an empire,,https://finance.yahoo.com/video/24-hour-fitness-founder-15k-120039129.html,1773489639
DIS,Gen Z is driving a movie theater comeback,,https://finance.yahoo.com/video/gen-z-driving-movie-theater-120041667.html,1773489641
DIS,How TSA slowdowns may add to travel demand woes,,https://finance.yahoo.com/video/tsa-slowdowns-may-add-travel-120056714.html,1773489656
